Name,Children
Gisela,1
Kimberley,2
Boris,3
Magee,4
Bradley,5
Rashad,0
Reed,0
Heather,0
Jakeem,0
Noble,1
Teegan,2
Lydia,1
Wyatt,3
Dakota,4
Jeanette,5
Aaron,6
Harrison,7
Claire,2
Benedict,3
Christen,4
Amy,2
Cody,1
Kareem,0
Hiroko,0
Malachi,0
George,0
Jordan,0
Merrill,0
Chiquita,0
Allen,0
Levi,0
Cedric,0
Karleigh,0
Raja,3
Brian,4
Molly,5
Hyatt,6
Amity,7
Darrel,1
Ila,2
Wayne,3
Baker,4
Ulysses,5
Olga,6
Willa,1
Emma,1
Arsenio,1
Linda,1
Sasha,1
Kuame,1
Alyssa,1
Lunea,1
Arthur,1
Abdul,1
Stewart,1
Indira,1
Caesar,1
Hedley,1
Stella,1
Hayfa,2
Rafael,2
Jayme,2
Angela,2
Bert,2
Abdul,2
Cruz,2
Latifah,2
Charde,2
Jonah,2
Dana,2
Colleen,2
Ocean,2
Giacomo,2
Ryan,2
Ciaran,2
Sasha,2
Octavius,2
Dawn,2
Madonna,2
Joel,3
Jordan,3
Shea,3
Mia,3
Hakeem,3
Lewis,3
Oren,3
Kareem,3
Chester,3
Ezra,3
Ignacia,2
Tanek,3
Abra,2
Yoshio,3
Yen,1
McKenzie,1
Grace,1
Melyssa,1
Britanney,1
Iola,1
Russell,1
